ID,description,producer_ID,consumer_ID
1,"Invalid timestamp at 2024-11-14T12:52:38.374Z",5,45
2,"Authentication failed at 2024-11-14T12:52:38.375Z",19,79
3,"Missing required fields at 2024-11-14T12:52:38.375Z",4,78
4,"Invalid timestamp at 2024-11-14T12:52:38.375Z",5,78
5,"Missing required fields at 2024-11-14T12:52:38.375Z",15,24
6,"Missing required fields at 2024-11-14T12:52:38.375Z",15,30
7,"Data corruption at 2024-11-14T12:52:38.375Z",19,62
8,"Validation failed at 2024-11-14T12:52:38.375Z",2,87
9,"Processing error at 2024-11-14T12:52:38.375Z",5,81
10,"Invalid schema at 2024-11-14T12:52:38.375Z",9,73
11,"Data corruption at 2024-11-14T12:52:38.375Z",2,35
12,"Data corruption at 2024-11-14T12:52:38.375Z",11,88
13,"Missing required fields at 2024-11-14T12:52:38.375Z",8,46
14,"Invalid timestamp at 2024-11-14T12:52:38.375Z",12,96
15,"Authentication failed at 2024-11-14T12:52:38.375Z",10,96
16,"Timeout error at 2024-11-14T12:52:38.375Z",8,58
17,"Processing error at 2024-11-14T12:52:38.375Z",18,62
18,"Missing required fields at 2024-11-14T12:52:38.375Z",5,31
19,"Data corruption at 2024-11-14T12:52:38.375Z",16,69
20,"Timeout error at 2024-11-14T12:52:38.375Z",16,84
21,"Timeout error at 2024-11-14T12:52:38.375Z",15,92
22,"Malformed JSON at 2024-11-14T12:52:38.375Z",18,59
23,"Authentication failed at 2024-11-14T12:52:38.375Z",2,3
24,"Duplicate event at 2024-11-14T12:52:38.375Z",1,7
25,"Authentication failed at 2024-11-14T12:52:38.375Z",3,51
26,"Missing required fields at 2024-11-14T12:52:38.375Z",14,54
27,"Processing error at 2024-11-14T12:52:38.375Z",11,54
28,"Processing error at 2024-11-14T12:52:38.375Z",8,74
29,"Timeout error at 2024-11-14T12:52:38.375Z",6,63
30,"Invalid schema at 2024-11-14T12:52:38.375Z",1,35
31,"Validation failed at 2024-11-14T12:52:38.375Z",3,89
32,"Duplicate event at 2024-11-14T12:52:38.375Z",16,11
33,"Validation failed at 2024-11-14T12:52:38.375Z",20,21
34,"Processing error at 2024-11-14T12:52:38.375Z",9,20
35,"Validation failed at 2024-11-14T12:52:38.375Z",2,54
36,"Validation failed at 2024-11-14T12:52:38.375Z",16,97
37,"Missing required fields at 2024-11-14T12:52:38.375Z",6,84
38,"Authentication failed at 2024-11-14T12:52:38.375Z",20,15
39,"Authentication failed at 2024-11-14T12:52:38.375Z",14,86
40,"Duplicate event at 2024-11-14T12:52:38.375Z",18,79
41,"Timeout error at 2024-11-14T12:52:38.375Z",10,81
42,"Processing error at 2024-11-14T12:52:38.375Z",4,75
43,"Invalid timestamp at 2024-11-14T12:52:38.375Z",1,88
44,"Missing required fields at 2024-11-14T12:52:38.375Z",1,39
45,"Processing error at 2024-11-14T12:52:38.375Z",13,31
46,"Processing error at 2024-11-14T12:52:38.375Z",15,88
47,"Validation failed at 2024-11-14T12:52:38.375Z",5,9
48,"Invalid schema at 2024-11-14T12:52:38.375Z",4,83
49,"Timeout error at 2024-11-14T12:52:38.375Z",9,54
50,"Authentication failed at 2024-11-14T12:52:38.375Z",19,89
51,"Invalid timestamp at 2024-11-14T12:52:38.375Z",19,25
52,"Missing required fields at 2024-11-14T12:52:38.375Z",13,53
53,"Authentication failed at 2024-11-14T12:52:38.375Z",11,92
54,"Timeout error at 2024-11-14T12:52:38.375Z",9,33
55,"Timeout error at 2024-11-14T12:52:38.375Z",1,92
56,"Duplicate event at 2024-11-14T12:52:38.375Z",5,52
57,"Timeout error at 2024-11-14T12:52:38.375Z",1,62
58,"Authentication failed at 2024-11-14T12:52:38.375Z",10,94
59,"Timeout error at 2024-11-14T12:52:38.375Z",8,81
60,"Invalid timestamp at 2024-11-14T12:52:38.375Z",5,29
61,"Invalid schema at 2024-11-14T12:52:38.375Z",7,60
62,"Authentication failed at 2024-11-14T12:52:38.375Z",17,8
63,"Data corruption at 2024-11-14T12:52:38.375Z",5,59
64,"Invalid schema at 2024-11-14T12:52:38.375Z",19,73
65,"Missing required fields at 2024-11-14T12:52:38.375Z",2,97
66,"Data corruption at 2024-11-14T12:52:38.375Z",20,60
67,"Invalid schema at 2024-11-14T12:52:38.375Z",16,10
68,"Invalid schema at 2024-11-14T12:52:38.375Z",15,11
69,"Invalid timestamp at 2024-11-14T12:52:38.375Z",15,15
70,"Invalid schema at 2024-11-14T12:52:38.375Z",3,37
71,"Invalid schema at 2024-11-14T12:52:38.375Z",15,100
72,"Data corruption at 2024-11-14T12:52:38.375Z",5,35
73,"Validation failed at 2024-11-14T12:52:38.375Z",19,44
74,"Processing error at 2024-11-14T12:52:38.375Z",2,52
75,"Timeout error at 2024-11-14T12:52:38.375Z",6,99
76,"Data corruption at 2024-11-14T12:52:38.375Z",1,74
77,"Missing required fields at 2024-11-14T12:52:38.375Z",2,33
78,"Data corruption at 2024-11-14T12:52:38.375Z",9,69
79,"Timeout error at 2024-11-14T12:52:38.375Z",8,45
80,"Authentication failed at 2024-11-14T12:52:38.375Z",11,54
81,"Data corruption at 2024-11-14T12:52:38.375Z",18,14
82,"Invalid timestamp at 2024-11-14T12:52:38.375Z",1,52
83,"Missing required fields at 2024-11-14T12:52:38.375Z",11,47
84,"Invalid schema at 2024-11-14T12:52:38.375Z",14,54
85,"Invalid timestamp at 2024-11-14T12:52:38.375Z",6,50
86,"Data corruption at 2024-11-14T12:52:38.375Z",20,4
87,"Invalid schema at 2024-11-14T12:52:38.375Z",8,71
88,"Data corruption at 2024-11-14T12:52:38.375Z",14,89
89,"Data corruption at 2024-11-14T12:52:38.375Z",17,43
90,"Invalid schema at 2024-11-14T12:52:38.375Z",13,95
91,"Processing error at 2024-11-14T12:52:38.375Z",15,5
92,"Data corruption at 2024-11-14T12:52:38.375Z",3,69
93,"Timeout error at 2024-11-14T12:52:38.375Z",12,65
94,"Processing error at 2024-11-14T12:52:38.375Z",13,75
95,"Validation failed at 2024-11-14T12:52:38.375Z",17,99
96,"Data corruption at 2024-11-14T12:52:38.375Z",9,10
97,"Processing error at 2024-11-14T12:52:38.375Z",11,83
98,"Validation failed at 2024-11-14T12:52:38.375Z",4,50
99,"Invalid timestamp at 2024-11-14T12:52:38.375Z",1,8
100,"Missing required fields at 2024-11-14T12:52:38.375Z",9,18
